Time,x,y,xdot,ydot,phi,motor1 thrust,motor2 thrust,desired x,desired y
0.016666666666666666,-7.764193717556353e-06,4.546293150093822e-05,-0.001288994917280349,0.005808230007750588,-0.018451928680108455,-23.86358710206103,44.633517859480705,-4.96,5.06
0.03333333333333333,-0.00011334395638625162,0.00027740672957516553,-0.011629199970598476,0.020366833995373347,-0.09113230712976217,-17.093017240415083,38.91430293978428,-4.96,5.06
0.05,-0.0005682131692662878,0.0008192601064200551,-0.04066957026984768,0.04122196788387208,-0.2014012404501925,8.330107862975796,14.45717896762472,-4.96,5.06
0.06666666666666667,-0.001732164481715373,0.001743013829383763,-0.09222493372323802,0.06512384592882624,-0.31007954194970166,27.90658097123334,-4.213893794512893,-4.96,5.06
0.0833333333333333,-0.0039595225774929545,0.0030788720363043804,-0.16352507327695376,0.09033286000397468,-0.39040669050300336,33.32078254796437,-8.765869852056165,-4.96,5.06
0.09999999999999994,-0.007523491723633275,0.004851007430707194,-0.2488658508201974,0.11731555579663244,-0.4375471271048845,28.739699118534553,-3.36801279648136,-4.96,5.06
0.11666666666666657,-0.01260396355281069,0.0071020281140169545,-0.34304296932149614,0.14737885926561178,-0.46051212453342394,21.865813673547194,4.263240074760119,-4.96,5.06
0.13333333333333322,-0.01931186724086132,0.009892972499101812,-0.44266835687815637,0.18139687448833525,-0.4703700189118172,17.647688403391324,9.167143175723876,-4.96,5.06
0.14999999999999986,-0.027717364157515544,0.01329277232729793,-0.5458098643613447,0.2196076902416275,-0.47347900049808794,16.876044795374582,10.547129804496954,-4.96,5.06
0.1666666666666665,-0.03786467774809589,0.017371235710140084,-0.651037145242282,0.26199922709463624,-0.4710007047075587,17.91226141399719,10.039490644294073,-4.96,5.06
0.18333333333333313,-0.04977279909704752,0.02219850429196315,-0.7567239519676694,0.30863757606407977,-0.461672744329557,18.909792853577393,9.488502009250732,-4.96,5.06
0.19999999999999976,-0.06343002714188997,0.02784706654405872,-0.8608980639133117,0.3596995860440224,-0.44452609752930344,18.989869639151784,9.769869307205264,-4.96,5.06
0.2166666666666664,-0.07879021449037368,0.03439205947401946,-0.9614727207919705,0.4153051109069354,-0.42000430332666944,18.243543690660605,10.789944301286539,-4.96,5.06
0.23333333333333303,-0.09577404084008982,0.041908492684033544,-1.05655826891948,0.47534482025169067,-0.38967120555103607,17.175509678470466,12.043451663751592,-4.96,5.06
0.24999999999999967,-0.11427441839395461,0.050466601374923536,-1.1446487184193295,0.5394089041636347,-0.35536906703936416,16.427529942602042,12.885907752808064,-4.96,5.06
0.26666666666666644,-0.13416261148645253,0.0601264750964054,-1.2245572808693377,0.6067626108269907,-0.31808920530979196,16.424510639724193,12.88101852765403,-4.96,5.06
0.2833333333333332,-0.15529162411065173,0.07093419541432992,-1.295231463544608,0.6765233919245395,-0.2778371416964337,16.387484868507755,12.81260034280156,-4.96,5.06
0.3,-0.1774978273047053,0.082920546471423,-1.355718279202763,0.7477489634596217,-0.23472741290643617,15.924892063245727,13.07923600054873,-4.96,5.06
0.31666666666666676,-0.20060374183504837,0.09609987855318093,-1.4052894579299318,0.8194227984860563,-0.1894823113195431,15.09779781835929,13.627990235386697,-4.96,5.06
0.33333333333333354,-0.22442325116536493,0.11046893708268048,-1.4435805786435845,0.8904670933931954,-0.14327428626021604,14.154995673591808,14.219337029590072,-4.96,5.06
0.3500000000000003,-0.24876830262744296,0.1260063612899171,-1.4706403276842765,0.9597992387274835,-0.09733868214038383,13.298940266984374,14.660943626932447,-4.96,5.06
0.3666666666666671,-0.27345542871548556,0.1426733301782421,-1.4868839806856504,1.0264042182491104,-0.05269256768267933,12.600159118091895,14.89279836098006,-4.96,5.06
0.38333333333333386,-0.29831094155076415,0.16041530626244993,-1.4929992156745546,1.0893932462389015,-0.010060195390752563,12.030842424491777,14.95317651075874,-4.96,5.06
0.40000000000000063,-0.3231745122560812,0.17916450851876833,-1.489852253981235,1.148037353905754,0.03006324613492616,11.5355606788473,14.907587255183167,-4.96,5.06
0.4166666666666674,-0.3479013960898953,0.19884272063104566,-1.4784160450544854,1.201779504393613,0.06731879530360588,11.079081585494038,14.800726171908265,-4.96,5.06
0.4333333333333342,-0.3723636792325893,0.21936415178165905,-1.4597192356189337,1.2502326667469836,0.10142798053839934,10.656051860981346,14.64663243724017,-4.96,5.06
0.45000000000000095,-0.39645080222767876,0.24063817106407306,-1.434806660748088,1.2931689279068606,0.1321823604072491,10.277248071046692,14.44232485676989,-4.96,5.06
0.46666666666666773,-0.4200694821279077,0.2625717938269558,-1.4047051200249872,1.3305022015032508,0.15945473903617227,9.952857788370627,14.184453152490315,-4.96,5.06
0.4833333333333345,-0.4431431081204326,0.2850718325284993,-1.3703937252327438,1.3622664888810245,0.18320739048782972,9.684233129710435,13.877525988885289,-4.96,5.06
0.5000000000000012,-0.4656107062917491,0.3080466610234311,-1.3327808877281668,1.3885920546059176,0.20348675986986056,9.464683144607225,13.533146874029176,-4.96,5.06
0.5166666666666677,-0.4874256021695608,0.331407582549692,-1.2926895323463015,1.4096819839859036,0.2204073104267024,9.284349195385813,13.165203515776714,-4.96,5.06
0.5333333333333342,-0.5085539179210924,0.3550698277435504,-1.2508502625045357,1.425791006317049,0.23413228481002737,9.13440881915447,12.785751506689541,-4.96,5.06
0.5500000000000007,-0.5289730206476944,0.3789532314446044,-1.207900742503758,1.4372075644042597,0.24485736757118784,9.008676382634663,12.40351186263056,-4.96,5.06
0.5666666666666672,-0.5486700038693667,0.4029826454181851,-1.164389155506742,1.444239353018722,0.2527991093880499,8.903128573846704,12.024445614420804,-4.96,5.06
0.5833333333333337,-0.5676402517078697,0.427088143118151,-1.1207799747650706,1.4472021208180499,0.2581870228227083,8.814760404147153,11.65299393907667,-4.96,5.06
0.6000000000000002,-0.585886112145999,0.4512050672645503,-1.0774609109352637,1.4464113629220585,0.2612575045390868,8.740796721343859,11.292954801278459,-4.96,5.06
0.6166666666666667,-0.6034156920630882,0.47527396424638435,-1.0347503960503317,1.4421764845063272,0.26224842067245924,8.678521292416,10.947731252603552,-4.96,5.06
0.6333333333333332,-0.6202417790542242,0.4992404422034177,-0.9929052327505835,1.434797001214988,0.26139413665367806,8.625477801643946,10.620195470175542,-4.96,5.06
0.6499999999999997,-0.636380890056749,0.523054982360777,-0.952128143755144,1.4245603399580893,0.25892128106953843,8.57970209709078,10.31250893028558,-4.96,5.06
0.6666666666666662,-0.6518524428893793,0.546672726080553,-0.9125750040748478,1.4117408238014972,0.25504553202509606,8.539800384367817,10.026084888334545,-4.96,5.06
0.6833333333333327,-0.6666780436641738,0.5700532536022,-0.87436158853055,1.396599472682875,0.24996946921707733,8.5048722131056,9.761695937675036,-4.96,5.06
0.6999999999999992,-0.6808808808656294,0.5931603649638417,-0.8375697306757427,1.3793843191050035,0.24388131720089473,8.474367810893787,9.519639015952245,-4.96,5.06
0.7166666666666657,-0.6944852157952418,0.6159618693045621,-0.8022528513927533,1.3603310098139356,0.2369543315032505,8.447962325186719,9.299877196212082,-4.96,5.06
0.7333333333333322,-0.7075159588686274,0.638429385590604,-0.7684408610776264,1.3396635289233598,0.22934662315093435,8.425479373446569,9.102127559541142,-4.96,5.06
0.7499999999999987,-0.7199983215924037,0.6605381556043531,-0.7361444642418427,1.3175949300649232,0.2212012989291386,8.406854106445376,8.92590638042056,-4.96,5.06
0.7666666666666652,-0.7319575346374946,0.6822668685774124,-0.7053589047332085,1.2943280053064032,0.21264685427792585,8.392111706294914,8.770556873214073,-4.96,5.06
0.7833333333333317,-0.7434186230864591,0.7035974959618486,-0.676067191689028,1.2700558491756793,0.2037977770782899,8.381344362247415,8.635277372583886,-4.96,5.06
0.7999999999999982,-0.754406230604115,0.7245151343799138,-0.6482428466683159,1.2449622993032474,0.19475531765729318,8.374682877780094,8.519154473661176,-4.96,5.06
0.8166666666666647,-0.7649444849637035,0.7450078546625055,-0.6218522134055372,1.2192222522468072,0.1856083733567872,8.37226737713697,8.421197131159165,-4.96,5.06
0.8333333333333311,-0.7750568980655241,0.7650665549865912,-0.5968563730076865,1.1930018647893452,0.17643443643046244,8.374222745539571,8.340366371078492,-4.96,5.06
0.8499999999999976,-0.7847662943075437,0.7846848163705611,-0.5732127081620223,1.166458658174523,0.1673005625284082,8.38064148157667,8.275598082189964,-4.96,5.06
0.8666666666666641,-0.7940947618903627,0.8038587591170341,-0.550876159420615,1.139741546271702,0.15826432873522076,8.391573404465799,8.22581948503823,-4.96,5.06
0.8833333333333306,-0.8030636223409956,0.8225868991540374,-0.5298002149197031,1.1129908095229168,0.14937476037356298,8.407020149493405,8.189961312549178,-4.96,5.06
0.8999999999999971,-0.8116934142049086,0.8408700035823023,-0.5099376723855434,1.086338035598736,0.14067321270957422,8.426932570068795,8.166967503869143,-4.96,5.06
0.9166666666666636,-0.8200038874747339,0.8587109450661138,-0.4912412093948584,1.0599060456733072,0.1321941978808035,8.451210056472203,8.155803293581851,-4.96,5.06
0.9333333333333301,-0.8280140058935268,0.8761145549947333,-0.47366379484671906,1.033808822616694,0.12396615024709881,8.479701505525234,8.155461840889421,-4.96,5.06
0.9499999999999966,-0.8357419547891952,0.8930874755845403,-0.4571589715467218,1.0081514545346233,0.11601212598138114,8.512207916961984,8.164969298917073,-4.96,5.06
0.9666666666666631,-0.843205152564198,0.9096380112868717,-0.44168103671123415,0.9830301041954538,0.1083504353521411,8.548486483983224,8.1833883372158,-4.96,5.06
0.9833333333333296,-0.850420264380239,0.9257759800144257,-0.42718514408154407,0.9585320121330874,0.10099520859238259,8.588255855748047,8.209820329919808,-4.96,5.06
0.9999999999999961,-0.8574032169414691,0.9415125648034804,-0.41362734824077485,0.9347355387100428,0.0939568982118734,8.63120215503316,8.243406529237168,-4.96,5.06
1.016666666666663,-0.8641692135926754,0.956860166594859,-0.4009646087176133,0.911710248229424,0.08724272196713241,8.67698536456077,8.283328527871268,-4.96,5.06
1.03333333333333,-0.8707327492131945,0.9718322588489888,-0.3891547686040882,0.889517036323719,0.08085705151784492,8.725245792033792,8.328808231987232,-4.96,5.06
1.0499999999999972,-0.8771076246058593,0.9864432447151606,-0.3781565197541154,0.8682083003203535,0.07480175221695844,8.775610419395042,8.379107485015924,-4.96,5.06
1.0666666666666642,-0.8833069602566763,1.0007083174575333,-0.36792936418788325,0.8478281510686718,0.06907647963962156,8.82769900323578,8.433527434461988,-4.96,5.06
1.0833333333333313,-0.8893432094789034,1.0146433248055,-0.35843357911200385,0.8284126637802621,0.06367893843367249,8.881129822790694,8.491407716507652,-4.96,5.06
1.0999999999999983,-0.8952281710585077,1.028264637848069,-0.3496301909774294,0.809990164749444,0.05860510890607729,8.935524987109705,8.552125528910892,-4.96,5.06
1.1166666666666654,-0.9009730015904329,1.0415890250347,-0.3414809622351276,0.7925815503473402,0.05384944646236254,8.990515228462097,8.615094656779382,-4.96,5.06
1.1333333333333324,-0.9065882277404269,1.0546335317817495,-0.33394839291139616,0.776200634386264,0.049405058609674445,9.045744129652903,8.67976450344176,-4.96,5.06
1.1499999999999995,-0.9120837586890782,1.0674153661169246,-0.32699573780696317,0.7608545197984177,0.04526386374726667,9.100871756167898,8.745619162456448,-4.96,5.06
1.1666666666666665,-0.9174688990167966,1.0799517907260237,-0.3205870390208352,0.7465439905344149,0.04141673543334548,9.15557768543612,8.81217655136933,-4.96,5.06
1.1833333333333336,-0.9227523622742547,1.0922600216984004,-0.31468717260283385,0.7332639196367768,0.03785363526353161,9.209563442341976,8.878987615932761,-4.96,5.06
1.2000000000000006,-0.9279422854556025,1.104357134201248,-0.3092619074373788,0.7210036895590325,0.03456373694623606,9.262554362313757,8.945635605361005,-4.96,5.06
1.2166666666666677,-0.9330462445547293,1.1162599752488895,-0.3042779739431886,0.7097476209638647,0.03153554362994004,9.314300912158624,9.011735413632143,-4.96,5.06
1.2333333333333347,-0.9380712713408981,1.1279850836724055,-0.29970313982579466,0.6994754064290369,0.028757000038186924,9.364579505653149,9.076932977604653,-4.96,5.06
1.2500000000000018,-0.9430238714419039,1.1395486173375418,-0.29550628992755357,0.6901625457060263,0.0262156005089548,9.413192856437755,9.14090471917992,-4.96,5.06
1.2666666666666688,-0.9479100437729558,1.1509662876052036,-0.291657507167508,0.6817807794046808,0.023898493623238707,9.459969915095598,9.203357015891987,-4.96,5.06
1.2833333333333359,-0.9527353012999075,1.1622533009790623,-0.28812815163414984,0.6742985182115837,0.02179258374873786,9.504765440262997,9.264025682364165,-4.96,5.06
1.300000000000003,-0.9575046930781442,1.1734243078389608,-0.2848909350700819,0.6676812649859143,0.01988462952217816,9.547459255117964,9.322675444192912,-4.96,5.06
1.31666666666667,-0.9622228274649434,1.184493358116886,-0.28191998825026726,0.66189202731177,0.018161339049576897,9.587955240694463,9.379099385977396,-4.96,5.06
1.333333333333337,-0.9668938963647098,1.1954738637342628,-0.27919091908622434,0.6568917183186653,0.016609461417276806,9.626180116362498,9.433118356255486,-4.96,5.06
1.350000000000004,-0.9715217003341139,1.2063785675851388,-0.27668085966852096,0.6526395438114897,0.015215873975769099,9.662082055718335,9.484580313844365,-4.96,5.06
1.3666666666666711,-0.9761096743484424,1.2172195188194674,-0.27436850087116316,0.649093373977316,0.013967664779774805,9.695629183234988,9.533359602354343,-4.96,5.06
1.3833333333333382,-0.9806609140117819,1.2280080541540392,-0.2722341135668677,0.6462100981589632,0.012852209537281733,9.726807993482055,9.57935614232208,-4.96,5.06
1.4000000000000052,-0.9851782019820515,1.238754784915637,-0.2702595559260117,0.6439459614040063,0.011857242431922543,9.755621730667439,9.622494533387261,-4.96,5.06
1.4166666666666723,-0.9896640343772287,1.2494695895016232,-0.2684282666802483,0.6422568817126699,0.010970920231269755,9.782088761814407,9.662723062106512,-4.96,5.06
1.4333333333333393,-0.9941206469309766,1.2601616109273357,-0.26672524461231256,0.6410987471182039,0.010181879171922967,9.80624097220866,9.700012614242155,-4.96,5.06
1.4500000000000064,-0.9985500406737251,1.2708392591172788,-0.2651370148765762,0.6404276919380888,0.009479284214062092,9.828122206978021,9.734355493560217,-4.96,5.06
1.4666666666666734,-1.0029540069283798,1.2815102175880655,-0.26365158305288133,0.6402003517327264,0.00885287037683326,9.847786777944188,9.76576415220609,-4.96,5.06
1.4833333333333405,-1.0073341514274192,1.292181454165258,-0.26225837808388236,0.6403740966988828,0.0082929759951302,9.865298050338222,9.79426984049708,-4.96,5.06
1.5000000000000075,-1.0116919173793317,1.30285923537354,-0.26094818544059656,0.6409072434067314,0.007790567872040004,9.880727119707183,9.819921186397256,-4.96,5.06
1.5166666666666746,-1.016028607336225,1.3135491441398595,-0.25971307200128435,0.6417592449605312,0.007337258433992672,9.894151585445403,9.842782716960006,-4.96,5.06
1.5333333333333417,-1.0203454037401443,1.3242561004521292,-0.2585463042162548,0.6428908598224762,0.006925315122708344,9.905654423926265,9.862933335596352,-4.96,5.06
1.5500000000000087,-1.024643388052277,1.3349843846215426,-0.25744226116847524,0.6442642996859194,0.006547662375341907,9.915322961234386,9.880464770129748,-4.96,5.06
1.5666666666666758,-1.0289235583960235,1.345737662804354,-0.256396344131105,0.6458433569170695,0.006197876648546653,9.923247943028505,9.89548000722661,-4.96,5.06
1.5833333333333428,-1.0331868456711617,1.3565190144488262,-0.25540488417345253,0.6475935122027178,0.005870175031097678,9.929522697107078,9.9080917289599,-4.96,5.06
1.6000000000000099,-1.037434128121375,1.3673309613447249,-0.2544650492823186,0.649482023145161,0.00555939806161517,9.934242382788643,9.91842076699859,-4.96,5.06
1.616666666666677,-1.0416662443607752,1.378175497966009,-0.25357475235260274,0.6514779946341642,0.005260987421955204,9.937503320228494,9.926594589261176,-4.96,5.06
1.633333333333344,-1.0458840048862907,1.3890541228119455,-0.2527325612659316,0.6535524318997016,0.004970959212838855,9.939402392229592,9.932745832878185,-4.96,5.06
1.650000000000011,-1.0500882021216056,1.3999678704675587,-0.2519376121253463,0.6556782772087814,0.004685873536737105,9.940036510918269,9.93701089603555,-4.96,5.06
1.666666666666678,-1.0542796190545456,1.4109173441208553,-0.25118952655384386,0.6578304312155195,0.004402801114912875,9.939502141785328,9.939528599780676,-4.96,5.06
1.6833333333333451,-1.0584590365433033,1.4219027482914344,-0.2504883338004291,0.6599857600066111,0.004119287652261231,9.937894877980677,9.94043892922885,-4.96,5.06
1.7000000000000122,-1.062627239377641,1.432923921542675,-0.2498343982342863,0.662123088905406,0.0038333166369255954,9.935309058332885,9.939881861871477,-4.96,5.06
1.7166666666666792,-1.066785021189315,1.4439803689675508,-0.24922835264999457,0.6642231841079522,0.003543271223562468,9.931837423285279,9.937996288917425,-4.96,5.06
1.7333333333333463,-1.070933188311498,1.455071294256004,-0.2486710376579458,0.6662687232247079,0.0032478958016662284,9.927570803742935,9.93491903384613,-4.96,5.06
1.7500000000000133,-1.075072562690169,1.4661956311696462,-0.24816344729702192,0.6682442557932319,0.0029462577956727207,9.922597838661053,9.930783970662707,-4.96,5.06
1.7666666666666804,-1.0792039839514653,1.4773520742671558,-0.24770668088319742,0.6701361548110856,0.002637710183721303,9.917004718033136,9.9257212427578,-4.96,5.06
1.7833333333333474,-1.083328310728114,1.488539108741005,-0.24730190099936802,0.6719325603154538,0.002321855158953221,9.910874948722656,9.919856581819106,-4.96,5.06
1.8000000000000145,-1.0874464213455397,1.4997550392429853,-0.24695029743906896,0.6736233160075571,0.0019985092928898017,9.904289141297571,9.913310724939077,-4.96,5.06
1.8166666666666815,-1.0915592139643258,1.51099801759231,-0.2466530568399637,0.6751998998866622,0.001667670496406186,9.897324816654777,9.90619892692817,-4.96,5.06
1.8333333333333486,-1.0956676062706823,1.5222660692757717,-0.24641133768172327,0.6766553498212173,0.001329487011517674,9.890056231748137,9.898630563883266,-4.96,5.06
1.8500000000000156,-1.099772534800657,1.5335571186645114,-0.2462262502764429,0.6779841849440527,0.0009842286078180654,9.882554224154635,9.890708823276757,-4.96,5.06
1.8666666666666827,-1.1038749539772879,1.544869012886286,-0.2460988413470325,0.6791823237153563,0.0006322601019100321,9.874886075527051,9.882530475219596,-4.96,5.06
1.8833333333333497,-1.107975834932937,1.5561995443057486,-0.24603008276882268,0.6802469994518339,0.0002740172672739884,9.86711539419329,9.87418571910267,-4.96,5.06
1.9000000000000168,-1.1120761641818582,1.567546471578088,-0.24602086404055645,0.6811766740736062,-9.001484375618166e-05,9.859302017279887,9.865758099522687,-4.96,5.06
1.9166666666666838,-1.116176942200817,1.5789075392534249,-0.24607198805152283,0.6819709507724527,-0.00045932118459566623,9.851501932770063,9.857324485238006,-4.96,5.06
1.933333333333351,-1.1202791819684357,1.5902804959205994,-0.24618416972034765,0.6826304862563777,-0.0008333736590740565,9.843767221868,9.8489551048593,-4.96,5.06
1.950000000000018,-1.1243839075070108,1.6016631108894193,-0.24635803709643386,0.6831569031765312,-0.0012116458089192572,9.83614602194292,9.84071363304417,-4.96,5.06
1.966666666666685,-1.1284921524639338,1.613053189420038,-0.24659413453584925,0.683552703293586,-0.0015936253507160584,9.828682510183055,9.83265732111595,-4.96,5.06
1.983333333333352,-1.1326049587636227,1.6244485865169402,-0.24689292758830628,0.6838211818920515,-0.001978824687787884,9.821416907912921,9.824837166249507,-4.96,5.06
2.000000000000019,-1.1367233753550838,1.6358472193130031,-0.24725480925959004,0.6839663439029771,-0.0023667895364798716,9.814385505330248,9.817298113644625,-4.96,5.06
2.016666666666686,-1.1408484570749298,1.6472470780762964,-0.2476801073433232,0.683992822148284,-0.0027571058159928333,9.807620706211631,9.810079286427225,-4.96,5.06
2.033333333333353,-1.1449812636408765,1.6586462358787162,-0.24816909254640343,0.6839057980738177,-0.0031494049566743974,9.801151091928846,9.80321423836644,-4.96,5.06
2.0500000000000203,-1.149122858786458,1.6700428569712127,-0.24872198716303473,0.6837109252932968,-0.0035433677839797895,9.795001503918494,9.796731224860993,-4.96,5.06
2.0666666666666873,-1.1532743095439102,1.6814352039153035,-0.24933897408236305,0.6834142562218767,-0.003938727134639755,9.789193143562734,9.790653488021569,-4.96,5.06
2.0833333333333544,-1.1574366856788885,1.6928216435247883,-0.2500202059437965,0.683022172036148,-0.004335269358378686,9.783743688273864,9.784999552048511,-4.96,5.06
2.1000000000000214,-1.161611059277861,1.704200651675124,-0.2507658142817507,0.6825413161572579,-0.004732834853255151,9.778667422433655,9.779783525470352,-4.96,5.06
2.1166666666666885,-1.1657985044866468,1.7155708170408157,-0.25157591852750505,0.6819785314155382,-0.0051313177757667874,9.773975381722252,9.775015407162773,-4.96,5.06
2.1333333333333555,-1.1700000973965998,1.7269308438234467,-0.25245063475988866,0.6813408010186994,-0.005530665058656559,9.769675509282226,9.77070139340586,-4.96,5.06
2.1500000000000226,-1.174216916073367,1.7382795535346645,-0.2533900841185069,0.6806351934113536,-0.005930874860226329,9.765772822101388,9.76684418355747,-4.96,5.06
2.1666666666666896,-1.1784500407219023,1.7496158858995718,-0.254394400813112,0.6798688110814536,-0.006331994559217018,9.762269585962207,9.763443282220203,-4.96,5.06
2.1833333333333567,-1.1827005539805011,1.7609388989466042,-0.25546373968051916,0.6790487433392097,-0.006734118399224158,9.759165497295447,9.760495296057835,-4.96,5.06
2.2000000000000237,-1.1869695413359633,1.772247768350111,-0.2565982832562005,0.6781820230662173,-0.007137384876416278,9.75645787028853,9.757994223674192,-4.96,5.06
2.2166666666666908,-1.1912580916515896,1.7835417860915657,-0.2577982483414459,0.6772755874068951,-0.007541973954207927,9.754141827633266,9.755931737203255,-4.96,5.06
2.233333333333358,-1.195567297799515,1.7948203585046245,-0.25906389205885494,0.6763362423509119,-0.007948104178670574,9.752210493350475,9.75429745447453,-4.96,5.06
2.250000000000025,-1.1998982573888717,1.8060830037681899,-0.2603955173990386,0.6753706311340427,-0.008356029758972598,9.750655186198077,9.753079200813461,-4.96,5.06
2.266666666666692,-1.2042520735813997,1.8173293489102196,-0.2617934782698996,0.6743852063658112,-0.008766037668124161,9.749465612251809,9.752263259713743,-4.96,5.06
2.283333333333359,-1.2086298559863966,1.8285591263833367,-0.26325818406686585,0.6733862057753212,-0.009178444810838354,9.748630055341216,9.751834611778419,-4.96,5.06
2.300000000000026,-1.2130327216272492,1.8397721702713228,-0.26479010378810475,0.6723796314517743,-0.009593595297457326,9.748135564125707,9.751777161470502,-4.96,5.06
2.316666666666693,-1.217461795972246,1.8509684121833918,-0.2663897697231996,0.6713712324432827,-0.0100118578556633,9.747968134703621,9.752073951343263,-4.96,5.06
2.33333333333336,-1.221918214022882,1.8621478768907578,-0.26805778074714454,0.6703664905666146,-0.010433623405113477,9.748112887759499,9.752707363536215,-4.96,5.06
2.350000000000027,-1.2264031214534044,1.8733106777574555,-0.2697948052539514,0.6693706092713986,-0.01085930281420597,9.748554239369032,9.753659308426528,-4.96,5.06
2.3666666666666942,-1.2309176757959648,1.8844570120146946,-0.27160158376577725,0.6683885053949641,-0.011289324852890192,9.749276064695934,9.754911400418143,-4.96,5.06
2.3833333333333613,-1.2354630476663275,1.8955871559252346,-0.2734789312543833,0.6674248036383222,-0.011724134350759573,9.750261853928306,9.75644512093349,-4.96,5.06
2.4000000000000283,-1.2400404220257146,1.9067014598814016,-0.27542773921204083,0.6664838335896981,-0.012164190565580364,9.75149485991322,9.758241968745958,-4.96,5.06
2.4166666666666954,-1.2446509994749813,1.9178003434774467,-0.2774489775087918,0.665569629119417,-0.012609965763885319,9.75295823705559,9.760283597856318,-4.96,5.06
2.4333333333333624,-1.2492959975779234,1.9288842905939958,-0.2795436960723382,0.6646859299687178,-0.013061944012259363,9.754635171150506,9.762551943173694,-4.96,5.06
2.4500000000000295,-1.2539766522111166,1.9399538445293822,-0.28171302642586127,0.6638361853551269,-0.013520620175427624,9.756508999915871,9.765029334312146,-4.96,5.06
2.4666666666666965,-1.2586942189382606,1.9510096032097042,-0.2839581831178181,0.6630235594182522,-0.01398649911518494,9.758563324084506,9.767698597857766,-4.96,5.06
2.4833333333333636,-1.2634499744075567,1.9620522145065422,-0.28628046507629445,0.6622509383321807,-0.014460095082539908,9.760782109000456,9.770543148499666,-4.96,5.06
2.5000000000000306,-1.268245217771173,1.9730823716884032,-0.2886812569188639,0.6615209389139464,-0.014941931294146464,9.763149776744166,9.773547069450574,-4.96,5.06
2.5166666666666977,-1.2730812721263507,1.9841008090291545,-0.29116203024716475,0.6608359185617134,-0.01543253968312253,9.765651288883848,9.776695182610554,-4.96,5.06
2.5333333333333647,-1.277959485978171,1.9951082975939876,-0.29372434495358685,0.6601979863612724,-0.015932460813671563,9.768272220016863,9.77997310895017,-4.96,5.06
2.550000000000032,-1.2828812347244447,2.0061056412208207,-0.29636985056561443,0.6596090152050943,-0.016442243948492367,9.770998822324742,9.783367319607825,-4.96,5.06
2.566666666666699,-1.2878479221635908,2.0170936727125106,-0.29910028765151275,0.6590706547744317,-0.016962447257751857,9.773818081418446,9.786865178210618,-4.96,5.06
2.583333333333366,-1.2928609820267458,2.0280732502528203,-0.30191748930920825,0.6585843452417092,-0.017493638158372356,9.776717763797732,9.790454974938168,-4.96,5.06
2.600000000000033,-1.2979218795356973,2.0390452540567865,-0.30482338275842097,0.6581513315576374,-0.018036393772519456,9.77968645628893,9.794125952856183,-4.96,5.06
2.6166666666667,-1.3030321129885434,2.0500105832639335,-0.30781999105436836,0.6577726781950097,-0.01859130149444094,9.782713597860631,9.797868327049777,-4.96,5.06
2.633333333333367,-1.3081932153752756,2.0609701530807385,-0.3109094349397018,0.6574492842289544,-0.019158959655175865,9.785789504245965,9.801673297087103,-4.96,5.06
2.650000000000034,-1.3134067560257412,2.0719248921768227,-0.31409393484975756,0.6571818986414195,-0.019739978275101648,9.788905385824151,9.80553305334131,-4.96,5.06
2.666666666666701,-1.3186743422926788,2.0828757403375495,-0.31737581308472396,0.6569711357458157,-0.02033497989479489,9.792053359233181,9.80944077769368,-4.96,5.06
2.683333333333368,-1.3239976212727325,2.093823646374066,-0.3207574961609402,0.656817490635962,-0.020944600475228087,9.795226453199785,9.81339063913312,-4.96,5.06
2.7000000000000353,-1.3293782815685409,2.1047695662903045,-0.32424151735226314,0.656721354571713,-0.021569490358891667,9.7984186090832,9.817377784757115,-4.96,5.06
2.7166666666667023,-1.3348180550951687,2.115714461705089,-0.3278305194312591,0.6566830302218523,-0.02221031528400229,9.8016246766354,9.821398326667287,-4.96,5.06
2.7333333333333694,-1.3403187189342993,2.126659298526231,-0.331527257618903,0.6567027466929469,-0.022867757444519035,9.804840405483079,9.825449325238797,-4.96,5.06
2.7500000000000364,-1.34588209723974,2.1376050458724194,-0.3353346027504933,0.6567806742808548,-0.023542516589225633,9.808062432836463,9.829528769226929,-4.96,5.06
2.7666666666667035,-1.3515100631979164,2.148552675237704,-0.33925554466460917,0.6569169388893967,-0.0242353111536362,9.81128826792636,9.833635553157329,-4.96,5.06
2.7833333333333705,-1.3572045410471307,2.1595031598925463,-0.3432931958211486,0.6571116360683301,-0.024946879418933622,9.814516273665234,9.83776945242754,-4.96,5.06
2.8000000000000376,-1.3629675081594599,2.170457474514671,-0.3474507951537745,0.6573648446301562,-0.025677980692542297,9.817745646020011,9.841931096527974,-4.96,5.06
2.8166666666667046,-1.368800997189245,2.1814165950423607,-0.35173171216146243,0.6576766398124272,-0.026429396505261698,9.820976391574703,9.846121940769338,-4.96,5.06
2.8333333333333717,-1.374707098292201,2.1923814987423413,-0.35613945124326696,0.6580471059590801,-0.027201931820134088,9.82420930374959,9.850344236882098,-4.96,5.06
2.8500000000000387,-1.3806879614192347,2.20335316448404,-0.3606776562799021,0.6584763487008887,-0.02799641624838078,9.827445938131419,9.854601002830808,-4.96,5.06
2.8666666666667058,-1.3867457986891212,2.214332573211716,-0.3653501154652443,0.6589645066213722,-0.02881370526780753,9.830688587355912,9.858895992163092,-4.96,5.06
2.883333333333373,-1.3928828868442242,2.2253207086058095,-0.370160766390402,0.6595117624004392,-0.02965468143904303,9.833940255970305,9.863233663189025,-4.96,5.06
2.90000000000004,-1.399101569793497,2.236318557924773,-0.37511370138254174,0.6601183534336413,-0.030520255614825978,9.837204635689835,9.867619148262452,-4.96,5.06
2.916666666666707,-1.405404261247027,2.2473271130186676,-0.3802131731001951,0.6607845819301895,-0.03141136813728737,9.840486081448383,9.872058223410958,-4.96,5.06
2.933333333333374,-1.411793447446412,2.2583473715059186,-0.3854636003862753,0.6615108244978228,-0.03232899001777568,9.843789588630386,9.876557278535733,-4.96,5.06
2.950000000000041,-1.4182716899952692,2.2693803381047903,-0.39086957437949177,0.6622975412272313,-0.033274124093233465,9.8471207718584,9.881123288377271,-4.96,5.06
2.966666666666708,-1.4248416287941845,2.2804270261114095,-0.39643586488423826,0.6631452842930202,-0.03424780615244346,9.850485845699595,9.88576378441619,-4.96,5.06
2.983333333333375,-1.4315059850844103,2.291488459016485,-0.4021674269983248,0.6640547060921677,-0.03525110602460736,9.853891607643769,9.890486827852458,-4.96,5.06
3.000000000000042,-1.438267564604589,2.302565672253251,-0.40806940799709673,0.6650265669445923,-0.036285128621688485,9.857345423697291,9.895300983778823,-4.96,5.06
3.0166666666667092,-1.4451292608647561,2.313659715069615,-0.4141471544715109,0.6660617423838128,-0.03735101492472286,9.860855216930299,9.900215296636759,-4.96,5.06
3.0333333333333763,-1.4520940585418207,2.324771652517988,-0.4204062197165858,0.6671612300687636,-0.038449942902865866,9.864429459310031,9.90523926701477,-4.96,5.06
3.0500000000000433,-1.4591650370006484,2.3359025675568112,-0.426852371365275,0.6683261563506608,-0.039583128352271776,9.868077167150595,9.91038282981996,-4.96,5.06
3.0666666666667104,-1.4663453739447747,2.3470535632583975,-0.433491599261194,0.669557782531387,-0.0407518256399791,9.871807900510237,9.915656333823183,-4.96,5.06
3.0833333333333774,-1.4736383492006462,2.3582257651183305,-0.4403301235617192,0.6708575108522185,-0.04195732833576907,9.875631766870196,9.921070522547032,-4.96,5.06
3.1000000000000445,-1.4810473486391258,2.36942032346233,-0.44737440306072035,0.6722268902538799,-0.04320096971244815,9.879559429436018,9.92663651643274,-4.96,5.06
3.1166666666667115,-1.4885758682377923,2.380638415947206,-0.4546311437175422,0.6736676219508847,-0.04448412309214454,9.883602120412057,9.932365796187815,-4.96,5.06
3.1333333333333786,-1.4962275182873133,2.3918812501532445,-0.4621073073757485,0.6751815648649566,-0.045808202012964865,9.887771659614026,9.938270187179103,-4.96,5.06
3.1500000000000457,-1.5040060277448528,2.4031500662661474,-0.46981012065151967,0.6767707409640353,-0.04717466018668738,9.892080478802239,9.94436184469715,-4.96,5.06
3.1666666666667127,-1.5119152487371121,2.414446139847424,-0.4777470839673799,0.678437340554994,-0.04858499121402354,9.896541652140733,9.950653239875491,-4.96,5.06
3.1833333333333798,-1.5199591612151322,2.4257707846929653,-0.48592598070203524,0.6801837275797635,-0.050040728019304814,9.901168933214581,9.957157146003084,-4.96,5.06
3.200000000000047,-1.52814187776246,2.4371253557803576,-0.49435488642143344,0.6820124449661015,-0.0515434419611851,9.905976799069995,9.963886624918668,-4.96,5.06
3.216666666666714,-1.536467648557621,2.4485112523063877,-0.5030421781496044,0.6839262200858156,-0.053094741570020636,9.910980501779424,9.970855013121845,-4.96,5.06
3.233333333333381,-1.5449408664910849,2.459929920817053,-0.5119965436302807,0.68592797037487,-0.054696270855920666,9.916196128077447,9.978075907176265,-4.96,5.06
3.250000000000048,-1.5535660724360068,2.4713828584333553,-0.5212269905215979,0.6880208091715351,-0.056349707123966114,9.92164066766248,9.985563147915283,-4.96,5.06
3.266666666666715,-1.5623479606709634,2.4828716161770696,-0.5307428554561662,0.6902080518306262,-0.05805675822467193,9.927332090815629,9.993330802887828,-4.96,5.06
3.283333333333382,-1.5712913844516674,2.4943978024017053,-0.5405538128873199,0.6924932221739626,-0.05981915915831206,9.93328943605068,10.001393146402236,-4.96,5.06
3.300000000000049,-1.5804013617271886,2.5059630863348716,-0.5506698836291837,0.6948800593395362,-0.061638667941112994,9.939532908579157,10.00976463643672,-4.96,5.06
3.316666666666716,-1.5896830809945286,2.517569201739348,-0.561101442983104,0.6973725250945586,-0.06351706062941602,9.946083990451468,10.018459887586147,-4.96,5.06
3.333333333333383,-1.5991419072834305,2.5292179507012658,-0.5718592283257331,0.6999748116806417,-0.06545612538456157,9.952965563320182,10.027493639104382,-4.96,5.06
3.3500000000000503,-1.608783388261037,2.5409112075549873,-0.5829543460143155,0.7026913502629202,-0.06745765544629292,9.960202044863909,10.036880716978622,-4.96,5.06
3.3666666666667173,-1.6186132604433758,2.5526509229554923,-0.594398277442173,0.7055268200590511,-0.06952344086573028,9.967819540010622,10.046635988835249,-4.96,5.06
3.3833333333333844,-1.6286374554976206,2.5644391281104153,-0.6062028840516352,0.7084861582288022,-0.07165525883022639,9.975846008207071,10.056774310324705,-4.96,5.06
3.4000000000000514,-1.6388621066155722,2.576277939185253,-0.6183804110822806,0.7115745706104881,-0.07385486239146218,9.984311448095763,10.067310461464022,-4.96,5.06
3.4166666666667185,-1.6492935549347703,2.588169561896783,-0.6309434897988465,0.7147975433969398,-0.07612396738473476,9.99324810108302,10.078259071228043,-4.96,5.06
3.4333333333333855,-1.659938355979018,2.6001162963113416,-0.6439051379049673,0.7181608558511374,-0.07846423730126674,10.00269067540814,10.089634528474118,-4.96,5.06
3.4500000000000526,-1.6708032860847635,2.6121205418663562,-0.6572787578053858,0.7216705941702362,-0.08087726584624629,10.012676592455088,10.10145087705676,-4.96,5.06
3.4666666666667196,-1.6818953487736898,2.6241848026354533,-0.6710781323297256,0.7253331666166365,-0.08336455688288588,10.02324625718071,10.11372169273938,-4.96,5.06
3.4833333333333867,-1.693221781024847,2.6363116928595387,-0.6853174174745028,0.7291553200461667,-0.085927501426743,10.034443354665003,10.126459939237836,-4.96,5.06
3.5000000000000537,-1.7047900593916465,2.648503942768551,-0.7000111316558815,0.7331441579765503,-0.08856735131453955,10.04631517491523,10.139677800435495,-4.96,5.06
3.516666666666721,-1.7166079058998676,2.6607644047211223,-0.7151741408926919,0.7373071603543303,-0.09128518912739313,10.058912968171454,10.153386485492367,-4.96,5.06
3.533333333333388,-1.7286832936523246,2.6730960596921687,-0.7308216392562872,0.7416522051955378,-0.09408189389937509,10.072292333058869,10.167596003233319,-4.96,5.06
3.550000000000055,-1.7410244520538685,2.6855020241415826,-0.7469691238295821,0.7461875922948599,-0.09695810208827077,10.086513640004332,10.182314901845169,-4.96,5.06
3.566666666666722,-1.7536398715567143,2.6979855573006164,-0.7636323633106502,0.7509220692201161,-0.0999141632259908,10.101642492367239,10.197549969545523,-4.96,5.06
3.583333333333389,-1.7665383078104862,2.7105500689164437,-0.7808273592748896,0.7558648598337351,-0.10295008960093814,10.117750227715726,10.21330589151389,-4.96,5.06
3.600000000000056,-1.7797287850835752,2.7231991274996608,-0.7985702989721993,0.7610256956108509,-0.10606549925349651,10.134914461587579,10.229584858009735,-4.96,5.06
3.616666666666723,-1.7932205988021594,2.735936469124308,-0.8168774983797734,0.7664148500548129,-0.10925955148845967,10.153219675889627,10.24638611825683,-4.96,5.06
3.63333333333339,-1.8070233170301715,2.748766006835343,-0.8357653340548072,0.772043176545454,-0.11253087402456383,10.172757853777824,10.263705474370871,-4.96,5.06
3.650000000000057,-1.8211467806872754,2.761691840724448,-0.8552501621321253,0.777922149993446,-0.11587748081136241,10.193629162388929,10.28153470937342,-4.96,5.06
3.6666666666667243,-1.835601102272124,2.774718268741709,-0.875348222586803,0.7840639127153956,-0.11929667944774373,10.215942684116015,10.299860943208376,-4.96,5.06
3.6833333333333913,-1.8503966628243336,2.787849798318028,-0.8960755266283482,0.790481324988728,-0.12278496703496591,10.239817196179139,10.318665910704485,-4.96,5.06
3.7000000000000584,-1.8655441068202552,2.801091158881275,-0.9174477248078099,0.7971880207923031,-0.1263379131910686,10.265381996970156,10.337925155671373,-4.96,5.06
3.7166666666667254,-1.881054334654152,2.8144473153580716,-0.9394799530989941,0.804198469287165,-0.1299500288442986,10.292777775962497,10.357607135857842,-4.96,5.06
3.7333333333333925,-1.8969384923072172,2.827923482762857,-0.9621866538563814,0.8115280426403683,-0.13361461931276697,10.322157521770567,10.377672234441308,-4.96,5.06
3.7500000000000595,-1.9132079577512948,2.8415251419863723,-0.985581368151888,0.8191930908412444,-0.13732362006875495,10.353687460094843,10.398071675186383,-4.96,5.06
3.7666666666667266,-1.929874323571475,2.8552580569069743,-1.0096764955469386,0.8272110242006236,-0.14106741348274887,10.387548009648258,10.418746340571367,-4.96,5.06
3.7833333333333936,-1.946949375221136,2.8691282929600055,-1.0344830168622958,0.8356004042549796,-0.1448346247495562,10.423934739547654,10.439625495237753,-4.96,5.06
3.8000000000000607,-1.9644450642436626,2.8831422373126703,-1.060010174963142,0.8443810438131176,-0.14861189512351108,10.463059305859007,10.460625421320872,-4.96,5.06
3.8166666666667277,-1.9823734757061304,2.8973066208041245,-1.0862651079792722,0.8535741168746359,-0.15238363054063309,10.505150337753062,10.481647977882629,-4.96,5.06
3.8333333333333948,-2.000746788990798,2.9116285418222474,-1.1132524287295025,0.8632022791059073,-0.15613172369399436,10.550454234767237,10.502579104166202,-4.96,5.06
3.850000000000062,-2.019577230979449,2.926115492299144,-1.1409737434170826,0.873289799466173,-0.15983524766892168,10.599235825637093,10.5232872961889,-4.96,5.06
3.866666666666729,-2.0388770205426345,2.940775386015795,-1.169427101913252,0.8838627034144423,-0.16347011935525005,10.651778825668273,10.543622098830616,-4.96,5.06
3.883333333333396,-2.0586583031099748,2.955616589411032,-1.1986063711573185,0.8949489278725881,-0.167008731057496,10.708386013227443,10.563412671712578,-4.96,5.06
3.900000000000063,-2.078933073948362,2.9706479550893423,-1.2285005223871945,0.9065784877397307,-0.17041954904890852,10.769379026156553,10.582466507549894,-4.96,5.06
3.91666666666673,-2.0997130886119337,2.9858788582133595,-1.2590928220948092,0.9187836532077296,-0.17366667829685678,10.835097655237309,10.600568407169753,-4.96,5.06
3.933333333333397,-2.12100969593501,3.0013190908225953,-1.2903481665892043,0.9315743228843748,-0.17658589336722286,11.389514163077274,10.125874735227443,-4.96,5.06
3.950000000000064,-2.142832459562705,3.0169775111963957,-1.3220823421110002,0.9448459823822968,-0.17798004099523929,12.777207787675625,8.794679613942215,-4.96,5.06
3.966666666666731,-2.165184513710985,3.032860670436723,-1.3537566734296582,0.9584570284839424,-0.1756651197630554,13.87702712543576,7.722171243041023,-4.96,5.06
3.9833333333333982,-2.1880564344320503,3.0489733128210164,-1.3844979946704763,0.9723224870004809,-0.16820669542968764,13.931071788429524,7.667951780926647,-4.96,5.06
4.000000000000065,-2.2114230518742426,3.0653189790503514,-1.4133530188172456,0.9863696916569428,-0.15578773370997664,13.191951214397015,8.380924276504063,-4.96,5.06
4.01666666666673,-2.2352447411585414,3.0818996447709357,-1.439536139138566,1.000486273768953,-0.13967859644131236,12.249861038561281,9.272760933651103,-4.96,5.06
4.0333333333333945,-2.2594714277135397,3.0987149016202715,-1.4625287220014438,1.0145100761205326,-0.12132482492982784,11.517290431314692,9.93339632044168,-4.96,5.06
4.050000000000059,-2.284046820631428,3.1157613086521145,-1.4820448025211368,1.0282495392295143,-0.1017771681126155,11.085792926794584,10.274129443391608,-4.96,5.06
4.066666666666724,-2.3089114566063866,3.133032161643713,-1.4979466095259235,1.0415089313112216,-0.08161213363535777,10.84243479466025,10.41094743615411,-4.96,5.06
4.083333333333389,-2.334004456641157,3.1505175993190937,-1.5101782548012739,1.0541044704650593,-0.061131564351524975,10.642747230983984,10.491403644139345,-4.96,5.06
4.100000000000054,-2.359264575143189,3.1682048824660245,-1.5187391093752385,1.0658714580037316,-0.040580342527639805,10.410900600439234,10.5943555586784,-4.96,5.06
4.116666666666719,-2.3846310997109303,3.1860787474706185,-1.5236836892724477,1.0766676367604116,-0.02024812982492699,10.147504531587046,10.722116777621409,-4.96,5.06
4.1333333333333835,-2.4100448224740694,3.204121810063823,-1.5251263486010216,1.0863761972027974,-0.0004586472150431564,9.888949969269873,10.841070218334279,-4.96,5.06
4.150000000000048,-2.435449018191228,3.2223150195623846,-1.523237991628261,1.0949087118172431,0.01848657759718015,9.667142832388503,10.921884808474752,-4.96,5.06
4.166666666666713,-2.460790274103581,3.2406381517000207,-1.5182339232230777,1.1022068867887274,0.03635152511745271,9.492677376605696,10.956297048112582,-4.96,5.06
4.183333333333378,-2.486019074426434,3.2590703120034648,-1.510358252260738,1.1082424168835803,0.05297541393544562,9.358923790550314,10.952992636823165,-4.96,5.06
4.200000000000043,-2.5110901384083792,3.277590418887281,-1.4998701747989518,1.1130151243400306,0.06825821045683236,9.253773748139285,10.925846557569907,-4.96,5.06
4.216666666666708,-2.5359625701436355,3.2961776440695534,-1.4870343723099,1.1165500219943536,0.08214027237403809,9.168311330652958,10.885250681280915,-4.96,5.06
4.2333333333333725,-2.560599886181466,3.31481179841897,-1.4721150113332937,1.1188938738325895,0.09458826150656258,9.099062634721463,10.835871224281595,-4.96,5.06
4.250000000000037,-2.5849699657418204,3.3334736583506204,-1.4553717985692944,1.12011156987712,0.1055895691548745,9.045924904286412,10.778732607743486,-4.96,5.06
4.266666666666702,-2.609044944761442,3.3521452312511153,-1.437056884513081,1.1202824600043295,0.11515154281305108,9.009260645087508,10.714141167783817,-4.96,5.06
4.283333333333367,-2.6328010625544986,3.370809960301393,-1.4174121755357019,1.1194967529606898,0.12330114459448471,8.988292498871333,10.643312147958875,-4.96,5.06
4.300000000000032,-2.656218468273711,3.389452870994536,-1.3966671322718953,1.117852103738809,0.13008290358076266,8.981060064600126,10.568437585308976,-4.96,5.06
4.316666666666697,-2.679280997189746,3.4080606637210904,-1.3750372371315065,1.1154505095073792,0.13555533467282838,8.985156320928215,10.491975915870151,-4.96,5.06
4.3333333333333615,-2.7019759286011995,3.4266217584394534,-1.3527231718113346,1.1123955946517867,0.13978700167221453,8.99841607014381,10.415989476231362,-4.96,5.06
4.350000000000026,-2.7242937361236135,3.4451262982595625,-1.3299105791714612,1.1087903125593634,0.14285319762197018,9.019185745593127,10.341899568060848,-4.96,5.06
4.366666666666691,-2.74622783814559,3.4635661187983,-1.306770212286351,1.1047350514816174,0.14483354643266472,9.046236620294378,10.270596481046981,-4.96,5.06
4.383333333333356,-2.7677743531097145,3.4819346897367422,-1.2834582988674441,1.1003261127363013,0.1458103217240976,9.078554806476472,10.202670792585753,-4.96,5.06
4.400000000000021,-2.788931862070134,3.5002270344266266,-1.2601170165763822,1.0956545254273913,0.14586713842386867,9.115189143757538,10.138584685872889,-4.96,5.06
4.416666666666686,-2.809701179854419,3.5184396328049123,-1.2368750331117897,1.0908051628671296,0.14508778761641147,9.155209183545148,10.078730986827669,-4.96,5.06
4.4333333333333504,-2.8300851357200116,3.5365703123006935,-1.2138480941271153,1.0858561262128295,0.14355515544347452,9.197734330869885,10.023418835089307,-4.96,5.06
4.450000000000015,-2.850088364191382,3.554618130834892,-1.1911396476831564,1.080878359855644,0.14135026592062983,9.241974550781492,9.972845639445424,-4.96,5.06
4.46666666666668,-2.8697171065466764,3.572583255414836,-1.1688414907609974,1.0759354625458488,0.1385514965924271,9.287247819864692,9.927090270344177,-4.96,5.06
4.483333333333345,-2.888979023162361,3.5904668392350247,-1.1470344220823103,1.0710836594498125,0.13523397828730307,9.332971544525908,9.886130452616122,-4.96,5.06
4.50000000000001,-2.907883016691299,3.608270899643151,-1.1257888889885674,1.0663719033111279,0.13146915357300085,9.378642106835851,9.849870405003092,-4.96,5.06
4.516666666666675,-2.9264390659044905,3.625998198838398,-1.1051656221170845,1.0618420767814538,0.12732445502207682,9.423816610507409,9.818164862153044,-4.96,5.06
4.533333333333339,-2.9446580699770175,3.643652128743121,-1.085216256809781,1.0575292719186329,0.12286307118525171,9.4681027143352,9.790833789555755,-4.96,5.06
4.550000000000004,-2.96255170301174,3.661236601124852,-1.0659839429091686,1.0534621263695005,0.11814378202506638,9.511155102833358,9.767669425040838,-4.96,5.06
4.566666666666669,-2.9801322786284814,3.678755943735344,-1.0475039450153696,1.049663198819036,0.11322085595484616,9.552674436733357,9.748439971922862,-4.96,5.06
4.583333333333334,-2.9974126244739776,3.6962148029708217,-1.0298042344943072,1.0461493690265025,0.10814400437982007,9.592405684828158,9.732893193545747,-4.96,5.06
4.599999999999999,-3.0144059716249227,3.71361805376147,-1.0129071461925556,1.042932338225277,0.10293632419051836,9.522032885371562,9.828853569941774,-4.96,5.06
4.616666666666664,-3.031126034113182,3.7309707305088042,-0.9968518443703379,1.0400207349615136,0.09738264170994249,9.293764701483624,10.083555452717563,-4.96,5.06
4.633333333333328,-3.047587699556652,3.748278006270514,-0.9817317500790298,1.0374226954032624,0.09112951962192892,9.191992826436651,10.21200188850275,-4.96,5.06
4.649999999999993,-3.0638078535844038,3.765545163269683,-0.9676788911013461,1.0351430532984203,0.08405319077318817,9.279398196273675,10.15091982514791,-4.96,5.06
4.666666666666658,-3.0798055669427375,3.782777490263837,-0.9548177796819938,1.033178766067345,0.07631278734631056,9.469034495979892,9.986728823421641,-4.96,5.06
4.683333333333323,-3.0956016084935762,3.7999801296048132,-0.9432326879367195,1.0315172508930712,0.06820022569600208,9.653139551608025,9.826760554635138,-4.96,5.06
4.699999999999988,-3.1112176839756303,3.817157930665456,-0.9329619252172522,1.03013794345424,0.05998054068935898,9.776559704873474,9.725830513394929,-4.96,5.06
4.716666666666653,-3.126675777822261,3.8343153444704097,-0.9240099677971065,1.0290150843413042,0.05182054254706551,9.841391019462513,9.681574405705605,-4.96,5.06
4.733333333333317,-3.1419977453415426,3.851456361297714,-0.9163626682899212,1.028120009190791,0.04380145855847553,9.876162426662734,9.665243256143768,-4.96,5.06
4.749999999999982,-3.157205105993241,3.8685844764356805,-0.9099966112342569,1.0274224438849777,0.03596501913614963,9.905907940998823,9.6516181470954,-4.96,5.06
4.766666666666647,-3.1723189215118124,3.885702670109245,-0.9048816401356423,1.0268911230855835,0.02834960256549029,9.939932870414195,9.63123813038444,-4.96,5.06
4.783333333333312,-3.1873596763565057,3.9028133949376245,-0.9009799504755542,1.02649417904203,0.02100150103993348,9.975067724051016,9.607143272026807,-4.96,5.06
4.799999999999977,-3.202347140309142,3.9199185696869607,-0.8982452652435842,1.0261995240591366,0.013968543217708707,10.004419273400043,9.586120662070856,-4.96,5.06
4.816666666666642,-3.2173002329301092,3.937019579461032,-0.8966236297654943,1.0259752313532569,0.007289692565049157,10.023685987973966,9.57238576711166,-4.96,5.06
4.833333333333306,-3.2322369156147226,3.9541172816142245,-0.8960555248479323,1.025789844753751,0.0009894169193510375,10.03266417415693,9.56607347365831,-4.96,5.06
4.849999999999971,-3.247174123329671,3.9712120157507638,-0.8964782924420507,1.0256125797081594,-0.004921755240255279,10.033589883665988,9.564894306602584,-4.96,5.06
4.866666666666636,-3.262127732942695,3.988303616085517,-0.8978281137988897,1.0254134297382735,-0.01044341458116802,10.0289270753121,9.56634537109673,-4.96,5.06
4.883333333333301,-3.277112556519405,4.005391417416807,-0.9000409936651603,1.0251615412608737,-0.015573957018448341,10.075757491106694,9.512625590212462,-4.96,5.06
4.899999999999966,-3.2921422460793646,4.022474062302327,-0.9030392914082441,1.0248052628879225,-0.02014593223367937,10.30705145867662,9.267317459271373,-4.96,5.06
4.9166666666666305,-3.3072286823041512,4.039549183063287,-0.9066938082246648,1.0242824760081668,-0.02379137023611731,10.464379818513835,9.088758448433977,-4.96,5.06
4.933333333333295,-3.3223810612151823,4.056613434738486,-0.9108263193807223,1.023536972776754,-0.026294286081263475,10.4418906302838,9.083198356905687,-4.96,5.06
4.94999999999996,-3.3376054694661286,4.07366258777116,-0.9152507008226337,1.0225175427740771,-0.027711378789872083,10.293998213940949,9.19660445658419,-4.96,5.06
4.966666666666625,-3.352905141198159,4.090691594844518,-0.9198091137757435,1.0211763673241847,-0.028267194958882327,10.120388067328348,9.329671736060288,-4.96,5.06
4.98333333333329,-3.3682810838604125,4.107694637192146,-0.9243841434335666,1.0194681263552547,-0.02820202954920618,9.985019460081626,9.418831247428754,-4.96,5.06
4.999999999999955,-3.383732697463366,4.124665164924195,-0.9288916504913267,1.017349952916901,-0.02768491221041223,9.89808193900022,9.454296138555138,-4.96,5.06
5.0166666666666195,-3.399258198159609,4.141595941001823,-0.9332677090893297,1.0147817565709658,-0.026807760966547325,9.838373022150867,9.457681661089227,-4.96,5.06
5.033333333333284,-3.4148548544525594,4.158479090489371,-0.9374593790620028,1.0117265002436537,-0.02562161652154828,9.782031320675921,9.453269397729212,-4.96,5.06
5.049999999999949,-3.430519133047723,4.1753061527867334,-0.9414217167631361,1.008150315826279,-0.02417212608119658,9.717722511577932,9.45282012312375,-4.96,5.06
5.066666666666614,-3.4462468374472515,4.192068134801137,-0.9451185698965459,1.0040225363486897,-0.022514369065122306,9.646611406599964,9.45560161484654,-4.96,5.06
5.083333333333279,-3.4620332681085593,4.208755564718724,-0.9485238328746426,0.9993157442405824,-0.02070951974643285,9.57510632336807,9.455644144174356,-4.96,5.06
5.099999999999944,-3.4778733912014688,4.225358547092692,-0.9516213627436941,0.9940058706763933,-0.0188150665736468,9.508353427679447,9.44824539888723,-4.96,5.06
5.1166666666666085,-3.493761991486879,4.24186681992021,-0.9544035284895261,0.9880723231416505,-0.01687792804299949,9.447850121963448,9.432355828273785,-4.96,5.06
5.133333333333273,-3.5096937944613535,4.25826981379721,-0.9568692287855736,0.9814981038385948,-0.014933268462866968,9.392405155374473,9.4096170733882,-4.96,5.06
5.149999999999938,-3.525663557066442,4.274556712750982,-0.9590221430467014,0.9742698970696161,-0.013007073246165572,9.340144739327195,9.382354454710212,-4.96,5.06
5.166666666666603,-3.54166613443139,4.2907165161880885,-0.9608695076619789,0.9663781230968218,-0.011119393703394317,9.28986339619178,9.352224854253283,-4.96,5.06
5.183333333333268,-3.557696531051422,4.306738097962144,-0.9624214002295277,0.9578159955625323,-0.009289152627307212,9.206095018119617,9.354611262882022,-4.96,5.06
5.199999999999933,-3.5737500230819124,4.322609971564528,-0.9637029040550094,0.9485435545803692,-0.007727333475498159,8.778750005096935,9.692828785035669,-4.96,5.06
5.2166666666665975,-3.5898229476258168,4.3383195759062065,-0.9648113741841816,0.9384899644106962,-0.007044509606458408,8.406326855022032,9.968541812380147,-4.96,5.06
5.233333333333262,-3.6059141454704764,4.353853351349881,-0.9659268379197614,0.9276041014626379,-0.007667346815890485,8.341603705471826,9.931642756108566,-4.96,5.06
5.249999999999927,-3.6220257384963213,4.369197099766304,-0.967247154427365,0.9158559806790694,-0.00953450002647197,8.516336364349597,9.652863299651314,-4.96,5.06
5.266666666666592,-3.6381627459400487,4.384336320241754,-0.9689239950979873,0.9032351026729055,-0.012249353093586716,8.749854119418794,9.315171278697969,-4.96,5.06
5.283333333333257,-3.6543320197453015,4.39925651915074,-0.9710392226236634,0.8897490201702098,-0.015362394085070905,8.913543631782906,9.049277533773322,-4.96,5.06
5.299999999999922,-3.670541166540451,4.413943497600661,-0.9736167204639264,0.8754219764677038,-0.01855109175809596,8.979282159486509,8.885191010435614,-4.96,5.06
5.3166666666665865,-3.6867978219111537,4.4283836137239465,-0.9766465859324036,0.8602932718135249,-0.02164556984491126,8.98455304080064,8.787092439132273,-4.96,5.06
5.333333333333251,-3.7031092844304885,4.442564014836408,-0.9801033740446978,0.8444153611977606,-0.024564273170056272,8.977997980053054,8.70777189994502,-4.96,5.06
5.349999999999916,-3.719482338463735,4.456472836835653,-0.9839528551677502,0.8278518669852563,-0.0272419618486471,8.987136785411959,8.620895979636035,-4.96,5.06
5.366666666666581,-3.7359231029926487,4.470099370217876,-0.9881508957280011,0.8106755586063943,-0.029593367368711338,9.015377052025622,8.52397813832062,-4.96,5.06
5.383333333333246,-3.7524368339395333,4.483434191045702,-0.9926402255128371,0.7929661693299669,-0.03151207582204625,9.054805897132171,8.425557087151258,-4.96,5.06
5.399999999999911,-3.7690276830547593,4.49646925216021,-0.9973484692691356,0.7748078497367169,-0.032883429324353154,9.099175228329289,8.332168616454124,-4.96,5.06
5.4166666666665755,-3.7856984401531113,4.509197926779537,-1.0021876630330964,0.7562860848557117,-0.033592516963962385,9.149362639338408,8.242826293127246,-4.96,5.06
5.43333333333324,-3.8024502697856253,4.521614994376716,-1.0070537952647614,0.7374839690421555,-0.03352067601344487,9.211461098624197,8.150861518197736,-4.96,5.06
5.449999999999905,-3.819282428211787,4.533716558070004,-1.0118250292517634,0.7184778567129381,-0.03253497612479906,9.290807112968494,8.049835740145049,-4.96,5.06
5.46666666666657,-3.836191935705074,4.545499885617287,-1.0163585182635166,0.6993326902824064,-0.030480959120920203,9.384884814473033,7.940640158592951,-4.96,5.06
5.483333333333235,-3.8531731941802785,4.556963175469205,-1.0204873750983248,0.6800977475299596,-0.027189864888373622,9.478276565459751,7.836674716262103,-4.96,5.06
5.4999999999999,-3.870217580053143,4.56810526470949,-1.0240206316907954,0.6608037860682352,-0.022506535909319534,9.544659224884684,7.7621085306477235,-4.96,5.06
5.5166666666665645,-3.8873130904452164,4.578925308861179,-1.0267488545963137,0.6414621581009015,-0.0163315300124759,9.55812980564454,7.740839004939888,-4.96,5.06
5.533333333333229,-3.9044441455116883,4.58942246543579,-1.0284558587914565,0.6220657098287059,-0.008657794396951739,9.506886465255542,7.783007160250229,-4.96,5.06
5.549999999999894,-3.921591625617944,4.599595605498732,-1.028933856586242,0.6025909103140303,0.0004177424027938675,9.398387664948944,7.879912071288577,-4.96,5.06
5.566666666666559,-3.938733157818123,4.609443069021343,-1.0279977104966365,0.5830007650762931,0.010712091699522098,9.25308076629407,8.010270002570618,-4.96,5.06
5.583333333333224,-3.955843599504019,4.618962474021152,-1.0254948329495859,0.5632482153868089,0.021991475281046086,9.093226896197706,8.151338419795023,-4.96,5.06
5.599999999999889,-3.9728956326570057,4.628150584695201,-1.0213096723800323,0.5432797305976368,0.03400649693583355,8.9347597393125,8.286996399724028,-4.96,5.06
5.6166666666665535,-3.989860387012327,4.6370032387858275,-1.0153638451279356,0.5230388010929603,0.0465159076176396,8.785320836584843,8.409652000021877,-4.96,5.06
5.633333333333218,-4.0067080382420635,4.645515330261279,-1.0076137993694272,0.5024691208521921,0.059297287676957154,8.64675006879921,8.517702296328478,-4.96,5.06
5.649999999999883,-4.023408356501548,4.653680841021805,-0.9980475660338916,0.4815173615629272,0.07214917271654736,8.518646204779007,8.611931561920144,-4.96,5.06
5.666666666666548,-4.039931198935293,4.661492914516928,-0.9866813750761129,0.4601355134008984,0.0848901218806335,8.400681464159488,8.693162528272707,-4.96,5.06
5.683333333333213,-4.056246946137988,4.668943964008299,-0.9735563045506401,0.4382827886312099,0.09735800292721677,8.29320011857388,8.761629475132942,-4.96,5.06
5.699999999999878,-4.072326882541256,4.67602580815788,-0.9587348968631345,0.4159270848942224,0.10941016712779957,8.196803307794797,8.817370114961877,-4.96,5.06
5.716666666666542,-4.088143519675075,4.68272982802549,-0.942297686774148,0.3930464291843115,0.12092308140025347,8.101071098786969,8.871733798272194,-4.96,5.06
5.733333333333207,-4.103670867983745,4.689047454592154,-0.924341789089382,0.3696735177953368,0.13165639633230983,7.703715808777082,9.237844155434509,-4.96,5.06
5.749999999999872,-4.118885021227493,4.6949716742222165,-0.9050193561898962,0.34593351033367725,0.1409649205183594,7.288113574651074,9.637485509513244,-4.96,5.06
5.766666666666537,-4.1337654919093385,4.7004978217498135,-0.8845688621335314,0.32197322426231295,0.14827061984294881,7.154882544761064,9.76940779538934,-4.96,5.06
5.783333333333202,-4.148296264191442,4.705623753343774,-0.8632700231728501,0.297945424831371,0.15344408339417154,7.287897232342326,9.648863958575417,-4.96,5.06
5.799999999999867,-4.162465877412335,4.710349832341211,-0.8413855349023874,0.2739976405011861,0.15673028074781883,7.52840517443017,9.433620398896226,-4.96,5.06
5.816666666666531,-4.17626679750655,4.714678762376441,-0.8191313505877863,0.25026501204114887,0.15849518017523456,7.74071929352478,9.25836909975292,-4.96,5.06
5.833333333333196,-4.189694622963148,4.718615360735192,-0.7966784704560061,0.22686892754117763,0.15903274219220273,7.878017493745818,9.168967628883175,-4.96,5.06
5.849999999999861,-4.202747494788123,4.722166345268137,-0.7741695514213133,0.20391882254636348,0.15851179282345276,7.962405997954177,9.142369472895554,-4.96,5.06
5.866666666666526,-4.215425782661444,4.72534015533717,-0.7517338045025326,0.18151406660775982,0.15701992265836348,8.03560748824654,9.13592040611474,-4.96,5.06
5.883333333333191,-4.227731934689,4.728146791995583,-0.7294931712086076,0.15974457869160574,0.15462795782755223,8.12415713283789,9.122159282211886,-4.96,5.06
5.899999999999856,-4.239670352932791,4.730597657464569,-0.707561347080755,0.1386904497547221,0.151426732068664,8.231644685553992,9.096585870791804,-4.96,5.06
5.91666666666652,-4.2512472227258336,4.732705385855462,-0.6860404439218422,0.1184214280112114,0.1475292381853292,8.348335009989986,9.068054158939706,-4.96,5.06
5.933333333333185,-4.262470295714812,4.734483669305944,-0.6650188922700576,0.09899684505155461,0.1430549450973915,8.4635029000798,9.046447254446768,-4.96,5.06
5.94999999999985,-4.273348660338634,4.73594708817023,-0.6445715563619189,0.08046605189626037,0.1381146478713182,8.571920408397416,9.036193463277193,-4.96,5.06
5.966666666666515,-4.283892529623072,4.737110951636297,-0.624761219200448,0.06286913333948885,0.13280433606278408,8.673798550879813,9.036323739065086,-4.96,5.06
5.98333333333318,-4.294113056595772,4.737991150825001,-0.6056402147202612,0.04623765445403718,0.12720693735070374,8.77163832486266,9.043618531912031,-4.96,5.06
5.999999999999845,-4.304022171771097,4.738604023530667,-0.5872514833780534,0.030595317530060902,0.12139783828098594,8.880930469226879,9.041905292151759,-4.96,5.06
6.016666666666509,-4.3136323995402215,4.73896622333071,-0.5696238977173144,0.015957649374274945,0.11552902721262008,9.137929251261586,8.894208815106012,-4.96,5.06
6.033333333333174,-4.32295639605859,4.739094554475634,-0.5527477707238929,0.0023290151580844768,0.10992943249185032,9.37914919135404,8.763250906180522,-4.96,5.06
6.049999999999839,-4.332006174520229,4.739005783186014,-0.5365669833828094,-0.010296841226618829,0.1048617589247828,9.490779985507254,8.762183955977545,-4.96,5.06
6.066666666666504,-4.340792550721988,4.738716501798251,-0.521003358870362,-0.02193254799512116,0.10038194942144453,9.494169615370199,8.869082305261152,-4.96,5.06
6.083333333333169,-4.349325064198706,4.738243060122792,-0.5059842907186096,-0.03259362221205249,0.09639249381170935,9.46261520703333,9.01011167902747,-4.96,5.06
6.0999999999998336,-4.357612224556429,4.737601532646326,-0.49145578684903024,-0.04229721971951467,0.09275782251994541,9.451677804541411,9.12919715207804,-4.96,5.06
6.116666666666498,-4.36566181931881,4.736807689203179,-0.47738074889413956,-0.05106246572151752,0.08938263146497637,9.476230045841508,9.210977594885675,-4.96,5.06
6.133333333333163,-4.3734811174992005,4.735876954712812,-0.46373094741740933,-0.05891118567885148,0.08622729980715375,9.523039673065297,9.268231419955086,-4.96,5.06
6.149999999999828,-4.381076946358314,4.734824359729199,-0.45048042699103513,-0.06586827970980338,0.08328443307431696,9.573010855580875,9.319642228147156,-4.96,5.06
6.166666666666493,-4.388455700987389,4.7336644898863804,-0.43760324490059416,-0.07196159685756198,0.08055043509419701,9.615172398910177,9.37581233462229,-4.96,5.06
6.183333333333158,-4.395623351464212,4.732411440666708,-0.4250744342860871,-0.07722152447630622,0.07801112111224817,9.648650830075706,9.437287772863174,-4.96,5.06
6.1999999999998225,-4.402585477292359,4.731078779581969,-0.4128717893094978,-0.08168054802467223,0.07564230427927303,9.677780363569813,9.499445472364405,-4.96,5.06
6.216666666666487,-4.409347324741968,4.7296795147691295,-0.4009768390358262,-0.0853729103452705,0.07341713756726563,9.706769870791325,9.557824144580563,-4.96,5.06
6.233333333333152,-4.415913868846759,4.728226068207439,-0.38937469524631296,-0.08833437100536619,0.07131238444099762,9.737240716090856,9.610585275853177,-4.96,5.06
6.249999999999817,-4.422289865755115,4.726730252426611,-0.3780532786412103,-0.09060200950477282,0.06931050143559508,9.768554981892297,9.658184206769961,-4.96,5.06
6.266666666666482,-4.428479891393082,4.725203250499432,-0.36700253151059015,-0.0922140235456274,0.06739846118193457,9.799283552939238,9.701901279971263,-4.96,5.06
6.283333333333147,-4.434488369774605,4.7236555996118055,-0.3562139236662724,-0.09320950561345494,0.06556563610674589,9.828369417887176,9.742677444945032,-4.96,5.06
6.2999999999998115,-4.440319596027997,4.722097178511714,-0.3456802367284879,-0.09362820602253925,0.06380238681113687,9.855474173659902,9.780766363233326,-4.96,5.06
6.316666666666476,-4.445977757238127,4.720537198907125,-0.3353954667037137,-0.09351029790571606,0.062099728602971416,9.880735615289622,9.815975275985531,-4.96,5.06
6.333333333333141,-4.451466951609011,4.7189842006645994,-0.32535470856072135,-0.09289615466863417,0.06044962988023271,9.904385007393309,9.848046157126623,-4.96,5.06
6.349999999999806,-4.456791205071822,4.717446050564495,-0.3155539775679991,-0.09182614263648231,0.058845364339306844,9.92651864355526,9.87688259082577,-4.96,5.06
6.366666666666471,-4.461954484476144,4.71592994437582,-0.3059899926066309,-0.09034042693683621,0.05728161092335206,9.947074832866331,9.902571224784902,-4.96,5.06
6.383333333333136,-4.466960707183246,4.71444241205735,-0.29665996623511504,-0.08847878801741825,0.055754302483139465,9.965921989330907,9.92529210026586,-4.96,5.06
6.3999999999998005,-4.471813747491495,4.7129893259211215,-0.2875614299212038,-0.08628044770390461,0.054260370519240216,9.982948702302101,9.945226969237588,-4.96,5.06
6.416666666666465,-4.476517440549482,4.71157591159618,-0.27869209858257005,-0.08378390526716004,0.05279751865523024,9.998102628414912,9.962518763413355,-4.96,5.06
6.43333333333313,-4.481075584321234,4.710206761614863,-0.2700497644207858,-0.08102678460759695,0.05136407446617564,10.011382386506954,9.977278048030135,-4.96,5.06
6.449999999999795,-4.485491939974295,4.708885851426626,-0.2616322087794698,-0.07804569346604966,0.04995890158404466,10.02281152805444,9.989607402443713,-4.96,5.06
6.46666666666646,-4.489770230924907,4.70761655763429,-0.2534371262777222,-0.07487609506236893,0.04858133259607807,10.032418726234413,9.999619594962033,-4.96,5.06
6.483333333333125,-4.493914140736575,4.706401678245168,-0.24546206091977368,-0.07155219216582241,0.047231096165352586,10.040232045099215,10.007441697091345,-4.96,5.06
6.4999999999997895,-4.497927310089711,4.705243454731357,-0.2377043560445678,-0.06810682344403479,0.04590823352136879,10.046282863071365,10.013209567886275,-4.96,5.06
6.516666666666454,-4.5018133330664,4.7041435956960695,-0.23016111923953586,-0.06457137194068051,0.04461301276371271,10.050611732913916,10.017060431130757,-4.96,5.06
6.533333333333119,-4.505575752995611,4.703103301945051,-0.22282920158534172,-0.06097568556888759,0.043345850955949006,10.053271352047163,10.019128376901,-4.96,5.06
6.549999999999784,-4.509218058079787,4.70212329276395,-0.21570518933167926,-0.057348009501752534,0.04210724896400341,10.05432598451189,10.019543451860756,-4.96,5.06
6.566666666666449,-4.512743676987619,4.701203833205004,-0.20878540578286314,-0.053714930285482035,0.040897738681781474,10.053849045709272,10.018432632505235,-4.96,5.06
6.583333333333114,-4.516155974563486,4.700344762190082,-0.20206592148271899,-0.050101331421887205,0.03971783984454666,10.051920707379612,10.015920828603447,-4.96,5.06
6.5999999999997785,-4.519458247776668,4.6995455212421255,-0.1955425712314283,-0.04653036009303502,0.038568023912369305,10.048626383517723,10.012131060166373,-4.96,5.06
6.616666666666443,-4.522653722012073,4.698805183663051,-0.18921097674145665,-0.0430234046438686,0.03744868387783143,10.04405599211678,10.007183916490316,-4.96,5.06
6.633333333333108,-4.525745547785249,4.69812248398304,-0.1830665738115108,-0.03960008239674449,0.03636010991452968,10.038303493848586,10.001196799138924,-4.96,5.06
6.649999999999773,-4.528736797945592,4.69749584751355,-0.1771046428775576,-0.036278237338271846,0.03530247105549772,10.031466314448947,9.99428334465554,-4.96,5.06
6.666666666666438,-4.531630465412616,4.696923419844394,-0.17132034180196143,-0.03307394718856438,0.034275802808001014,10.02364453979185,9.98655314017694,-4.96,5.06
6.683333333333103,-4.534429461471753,4.696403096133639,-0.1657087398329068,-0.030001539334797583,0.0332800002124969,10.014939975691384,9.9781116416462,-4.96,5.06
6.6999999999997675,-4.537136614639597,4.695932550048002,-0.16026485179270383,-0.02707361508598833,0.03231481562171899,10.005455212208851,9.969060156161712,-4.96,5.06
6.716666666666432,-4.539754670094239,4.69550926222065,-0.15498367169872987,-0.024301081685721034,0.03137986045540075,9.995292777987377,9.959495803845387,-4.96,5.06
6.733333333333097,-4.542286289654481,4.695130548102878,-0.14986020515669218,-0.021693191504852594,0.030474610281860402,9.984554398110017,9.949511446254753,-4.96,5.06
6.749999999999762,-4.544734052281877,4.694793585095872,-0.14488949998351144,-0.019257587826849016,0.029598412682002927,9.97334032952868,9.939195607455176,-4.96,5.06
6.766666666666427,-4.547100455071586,4.694495438858568,-0.14006667462032651,-0.01700035663369447,0.02875049741221994,9.961748746416314,9.928632415230926,-4.96,5.06
6.783333333333092,-4.549387914691629,4.694233088697565,-0.13538694399174367,-0.01492608379962248,0.02792998840389738,9.949875164541911,9.917901572855609,-4.96,5.06
6.7999999999997565,-4.551598769225349,4.694003451954832,-0.13084564255899847,-0.013037917102782405,0.02713591714618343,9.937811909135656,9.907078356182733,-4.96,5.06
6.816666666666421,-4.55373528036854,4.693803407318777,-0.12643824440149362,-0.01133763247106884,0.026367237017527963,9.925647636085834,9.896233625169433,-4.96,5.06
6.833333333333086,-4.555799635930761,4.693629816993868,-0.12216038024058286,-0.009825703887456596,0.025622838166549644,9.913466913388842,9.885433841611858,-4.96,5.06
6.849999999999751,-4.557793952589617,4.693479547673453,-0.11800785138924236,-0.00850137639203712,0.02490156258849319,9.901349864194632,9.874741090213542,-4.96,5.06
6.866666666666416,-4.559720278847126,4.693349490269679,-0.11397664067060982,-0.007362741632247051,0.02420221909142799,9.889371868817095,9.864213103863092,-4.96,5.06
6.883333333333081,-4.561580598138526,4.693236578363378,-0.1100629203977117,-0.006406815429215594,0.023523597890952833,9.87760332185745,9.853903295018712,-4.96,5.06
6.8999999999997454,-4.563376832045811,4.693137805345487,-0.10626305754701608,-0.005629616846448421,0.022864484612246272,9.866109441125229,9.843860794377363,-4.96,5.06
6.91666666666641,-4.565110843570848,4.693050240229932,-0.10257361629069056,-0.005026248266962948,0.022223673514971044,9.854950125890419,9.834130496990868,-4.96,5.06
6.933333333333075,-4.566784440425912,4.692971042125912,-0.09899135807735189,-0.00459097600627087,0.0215999797911608,9.844179862335322,9.824753115505956,-4.96,5.06
6.94999999999974,-4.568399378302845,4.692897473365193,-0.0955132394692683,-0.004317311011075501,0.020992250819265364,9.833847673839204,9.815765240306751,-4.96,5.06
6.966666666666405,-4.569957364085639,4.692826911287286,-0.0921364079560279,-0.004198089217033434,0.020399376288644463,9.823997113261576,9.807199406687634,-4.96,5.06
6.98333333333307,-4.571460058974961,4.692756858692233,-0.08885819597130255,-0.004225551163257382,0.019820297137333277,9.814666294018076,9.799084169454705,-4.96,5.06
6.999999999999734,-4.572909081496987,4.692684952977213,-0.0856761133412699,-0.004391420486250877,0.019254013271400312,9.80588795659957,9.791444185412075,-4.96,5.06
7.016666666666399,-4.574306010372645,4.692608973979176,-0.08258783839126481,-0.00468698094152085,0.01869959005657018,9.79768956722169,9.784300304083398,-4.96,5.06
7.033333333333064,-4.575652387227143,4.692526850551363,-0.0795912079320308,-0.005103151627069918,0.018156163592134636,9.790093445410998,9.77766966684702,-4.96,5.06
7.049999999999729,-4.576949719123266,4.69243666590668,-0.07668420633916757,-0.005630560109194082,0.017622944793761836,9.783116917451569,9.771565814508463,-4.96,5.06
7.066666666666394,-4.5781994809053534,4.692336661765681,-0.07386495392958772,-0.006259613177376567,0.017099222325853137,9.776772492713551,9.765998803215023,-4.96,5.06
7.083333333333059,-4.579403117344209,4.69222524135117,-0.07113169482749407,-0.006980564981449147,0.01658436443576339,9.771068059974775,9.760975328522088,-4.96,5.06
7.099999999999723,-4.5805620450762365,4.692100971275278,-0.06848278450000214,-0.0077835823304721,0.016077819751650874,9.766007100948366,9.756498857328474,-4.96,5.06
7.116666666666388,-4.581677654332989,4.691962582368327,-0.06591667712942993,-0.008658806958841633,0.015579117113122482,9.761588918350926,9.752569767300924,-4.96,5.06
7.133333333333053,-4.582751310459964,4.691808969501722,-0.06343191297577659,-0.009596414590861184,0.015087864509374884,9.757808875985317,9.749185493306857,-4.96,5.06
7.149999999999718,-4.583784355225897,4.6916391904597115,-0.06102710586927012,-0.010586670660297906,0.01460374720340511,9.754658648461895,9.746340680276887,-4.96,5.06
7.166666666666383,-4.584778107926001,4.69145246391698,-0.058700930959288314,-0.011619982566186689,0.01412652512327666,9.752126478329439,9.744027341836,-4.96,5.06
7.183333333333048,-4.58573386628457,4.691248166580798,-0.056452112832605095,-0.012686948370241447,0.013656029602569638,9.7501974385327,9.742235023973485,-4.96,5.06
7.199999999999712,-4.586652907164127,4.691025829557748,-0.05427941410090579,-0.013778401864595662,0.01319215955219,9.74885369825338,9.740950972969628,-4.96,5.06
7.216666666666377,-4.587536487089816,4.690785134006065,-0.052181624544932914,-0.014885453961135291,0.012734877144821296,9.748074790328593,9.740160306757922,-4.96,5.06
7.233333333333042,-4.588385842599093,4.690525906135188,-0.050157550890527515,-0.01599953037532946,0.0122842030916161,9.747837878572584,9.739846188876697,-4.96,5.06
7.249999999999707,-4.5892021904278995,4.690248111614367,-0.04820600728025431,-0.017112405598137294,0.011840211588372543,9.74811802345807,9.73999000414852,-4.96,5.06
7.266666666666372,-4.589986727545436,4.689951849452092,-0.046325806493260416,-0.01821623316921131,0.011403025005541285,9.748888444735725,9.740571535225376,-4.96,5.06
7.283333333333037,-4.590740631050471,4.689637345407691,-0.0445157519555232,-0.019303572283175644,0.010972808393061705,9.750120779692109,9.741569139143644,-4.96,5.06
7.299999999999701,-4.591465057942668,4.6893049449957465,-0.04277463057268919,-0.020367410778186754,0.010549763867325255,9.75178533586,9.742959923051751,-4.96,5.06
7.316666666666366,-4.592161144782885,4.688955106142985,-0.04110120640828579,-0.02140118457224943,0.010134124943585815,9.753851337103718,9.74471991830108,-4.96,5.06
7.333333333333031,-4.592830007256705,4.688588391556063,-0.03949421522118925,-0.022398793627836238,0.009726150872947788,9.7562871621083,9.746824252123444,-4.96,5.06
7.349999999999696,-4.593472739655549,4.688205460857189,-0.03795235986784639,-0.023354614539224598,0.009326121038721368,9.759060574401525,9.749247316159252,-4.96,5.06
7.366666666666361,-4.594090414289813,4.6878070625428006,-0.03647430656686411,-0.0242635098496144,0.008934329462488934,9.762138943134355,9.75196293114549,-4.96,5.06
7.3833333333330255,-4.5946840808482765,4.687394025818645,-0.03505868201619346,-0.025120834216518322,0.00855107946571919,9.765489453938887,9.75494450712103,-4.96,5.06
7.39999999999969,-4.59525476571786,4.6869672523625105,-0.0337040713462414,-0.025922437554132073,0.008176678528232539,9.769079309272774,9.758165198557744,-4.96,5.06
7.416666666666355,-4.595803471277417,4.68652770806362,-0.03240901688584175,-0.026664665290406956,0.007811433380294026,9.77287591774518,9.761598053879322,-4.96,5.06
7.43333333333302,-4.596331175178864,4.686076414785351,-0.031172017712112497,-0.027344355884380618,0.007455645360615819,9.77684707200376,9.765216158882463,-4.96,5.06
7.449999999999685,-4.596838829628322,4.6856144421954,-0.02999152994982486,-0.027958835755999726,0.007109606068115254,9.78096111484197,9.768992773629815,-4.96,5.06
7.46666666666635,-4.597327360679436,4.685142899704968,-0.02886596778101848,-0.028505911786220146,0.006773593330917336,9.785187093264406,9.77290146243679,-4.96,5.06
7.4833333333330145,-4.597797667550221,4.684662928555841,-0.02779370512122756,-0.02898386154963158,0.006447867511834074,9.789494900323028,9.77691621662652,-4.96,5.06
7.499999999999679,-4.598250621974126,4.684175694091493,-0.02677307791484459,-0.029391421445262366,0.00613266816541511,9.793855404609303,9.781011569778252,-4.96,5.06
7.516666666666344,-4.598687067595085,4.683682378245577,-0.025802386998851394,-0.029727772893620066,0.005828211057663237,9.798240567357464,9.785162705242803,-4.96,5.06
7.533333333333009,-4.59910781941554,4.683184172278337,-0.024879901481400863,-0.029992526769456504,0.005534685555661323,9.802623547179252,9.789345555747278,-4.96,5.06
7.549999999999674,-4.599513663305424,4.682682269788634,-0.02400386257954248,-0.030185706240262265,0.005252252390679446,9.806978792516219,9.793536894954034,-4.96,5.06
7.566666666666339,-4.5999053555792075,4.682177860026477,-0.023172487858754656,-0.030307728180140662,0.004981041794839343,9.81128212195409,9.797714420883775,-4.96,5.06
7.5833333333330035,-4.6002836226471215,4.68167212152811,-0.022383975815876065,-0.03035938332753602,0.004721152008120802,9.81551079260246,9.801856831151534,-4.96,5.06
7.599999999999668,-4.600649160745673,4.681166216092911,-0.0216365107465119,-0.03034181535334665,0.004472648149416216,9.81964355679554,9.805943890003997,-4.96,5.06
7.616666666666333,-4.601002635751634,4.680661283118635,-0.02092826783801935,-0.030256499003287727,0.004235561442486239,9.823660707420283,9.809956487182413,-4.96,5.06
7.633333333332998,-4.601344683082647,4.680158434308817,-0.0202574184297354,-0.030105217475035823,0.004009888785053254,9.827544112223977,9.813876688670124,-4.96,5.06
7.649999999999663,-4.601675907686694,4.679658748763506,-0.019622135383178526,-0.02989003918673531,0.003795592646899042,9.831277237496135,9.817687779415778,-4.96,5.06
7.666666666666328,-4.601996884121667,4.679163268461968,-0.019020598506509636,-0.029613294088925855,0.003592601280716947,9.83484516155723,9.82137429815452,-4.96,5.06
7.6833333333329925,-4.602308156725431,4.678672994143466,-0.01845099997954568,-0.0292775496669115,0.0034008092276120337,9.83823457852054,9.824922064478725,-4.96,5.06
7.699999999999657,-4.602610239875861,4.6781888815898816,-0.017911549728047947,-0.0288855867750814,0.0032200780975489437,9.841433792824246,9.828318198336289,-4.96,5.06
7.716666666666322,-4.602903618339531,4.677711838311577,-0.017400480698815994,-0.028440375438759626,0.00305023760371894,9.844432705055471,9.831551132161307,-4.96,5.06
7.733333333332987,-4.603188747706913,4.677242720635783,-0.016916053990265672,-0.027945050752853265,0.0028910868287327887,9.847222789608923,9.83461061586677,-4.96,5.06
